Passive_Fund,Passive_ER,Passive_Monthly_Alpha,Passive_Annual_Alpha,Active_Partner,Active_ER,Active_Monthly_Alpha,Active_Annual_Alpha,ER_Difference,Alpha_Diff_Monthly
HDFC BSE Sensex Index Fund - Direct Plan,0.21,0.130602732520573,1.5785396126446694,Edelweiss Large Cap Fund - Direct Plan,0.67,0.1744041886942114,2.1130425315210477,0.46,0.0438
Motilal Oswal Nifty 50 Index Fund - Direct Plan,0.19,0.0195232554109329,0.2345307926658213,Axis Large Cap Fund - Direct Plan,0.65,0.1796869946066729,2.1776817832057205,0.46,0.1602
Bandhan Nifty 50 Index Fund - Direct Plan,0.12,0.0764619012413433,0.921411305210218,Canara Robeco Large Cap Fund - Direct Plan,0.59,0.1807471639641034,2.1906583003952873,0.47,0.1043
UTI Nifty 50 Index Fund - Direct Plan,0.26,0.0808172184666175,0.9741289945230048,Mahindra Manulife Large Cap Fund - Direct Plan,0.74,0.0952690920012762,1.1492384597714178,0.48,0.0145
SBI Nifty Index Fund - Direct Plan,0.23,0.0653182622023182,0.7866411601290757,Invesco India Largecap Fund - Direct Plan,0.8,0.2008764152854915,2.4373279964704286,0.57,0.1356
ICICI Prudential BSE Sensex Index Fund - Direct Plan,0.2,0.2514102978624248,3.058991871275807,Mirae Asset Large Cap Fund - Direct Plan,0.8,0.2791955900130791,3.4022760121168005,0.6,0.0278
Nippon India Index Fund - Nifty 50 Plan - Direct Plan,0.17,-0.0899081830429528,-1.0735790554724622,Baroda BNP Paribas Large Cap Fund - Direct Plan,0.79,0.3799572510022074,4.655986726743566,0.62,0.4699
DSP Nifty 50 Index Fund - Direct Plan,0.18,0.1154052934925762,1.3936875561001427,SBI Large Cap Fund - Direct Plan,0.82,0.2817393387926928,3.4337560548461488,0.64,0.1663
LIC MF BSE Sensex ETF,0.11,0.2259499721775781,2.745349979616174,ITI Large Cap Fund - Direct Plan,0.76,0.0314769072072607,0.3783774982450083,0.65,-0.1945
Kotak Nifty 50 ETF,0.03,-0.1693381837741308,-2.0132388504020104,Sundaram Large Cap Fund - Direct Plan,0.71,0.1598084511740109,1.934647095617992,0.68,0.3291
Axis Nifty 50 Index Fund - Direct Plan,0.21,0.2316537219618912,2.8155374586963156,Aditya Birla Sun Life Large Cap Fund - Direct Plan,0.95,0.2117715362011921,2.5710675163673757,0.74,-0.0199
HDFC NIFTY 50 ETF,0.05,0.2622348037497005,3.1926030053252674,Motilal Oswal Large Cap Fund - Direct Plan,0.79,1.1435908739644804,14.62000380489885,0.74,0.8814
Nippon India ETF Nifty 50 BeES,0.04,-0.6034259060670284,-7.005558673498369,Kotak Large Cap Fund - Direct Plan,0.8,0.1886533157179374,2.287477578114361,0.76,0.7921
UTI BSE Sensex ETF,0.05,0.1986707091533433,2.410272030840943,PGIM India Large Cap Fund - Direct Plan,0.89,0.1138889379745195,1.375260493450714,0.84,-0.0848
SBI BSE Sensex ETF,0.04,0.1085745534265897,1.3107032345638592,Tata Large Cap Fund - Direct Plan,0.99,0.0754958405047662,0.9097213191836762,0.95,-0.0331
Kotak Nifty 50 Index Fund - Direct Plan,0.19,0.2544379103939735,3.096346900223068,Bandhan Large Cap Fund - Direct Plan,1.18,0.0712949822428486,0.8589025354760249,0.99,-0.1831
Nippon India Index Fund BSE Sensex Plan - Direct Plan,0.21,-0.0597861104290126,-0.7150789300506721,ICICI Prudential Large Cap Fund - Direct Plan,1.2,0.2585834306543265,3.147514934179396,0.99,0.3184
ICICI Prudential Nifty 50 ETF,0.03,0.0680025597102236,0.8190897151687082,WhiteOak Capital Large Cap Fund - Direct Plan,1.03,0.6796111731678527,8.467181564572911,1.0,0.6116
ICICI Prudential BSE Sensex ETF,0.02,0.1025919784072558,1.2380741265043629,Bank of India Large Cap Fund - Direct Plan,1.02,0.1254817559793226,1.5162168051154,1.0,0.0229
SBI Nifty 50 ETF,0.04,0.1322668835279295,1.5988000497794586,Quant Large Cap Fund - Direct Plan,1.06,-0.0680859635372863,-0.8139789346292003,1.02,-0.2004
HDFC NIFTY 50 Index Fund - Direct Plan,0.31,0.090555167537146,1.0920905377296286,HDFC Large Cap Fund - Direct Plan,1.36,0.0998859141200618,1.2052378928374852,1.05,0.0093
Mirae Asset Nifty 50 ETF,0.07,0.1173741298040504,1.4176178393487282,UTI Large Cap Fund - Direct Plan,1.17,0.1245711378488817,1.5051381607596337,1.1,0.0072
UTI Nifty 50 ETF,0.05,-0.3218761952712512,-3.7948638796750256,HSBC Large Cap Fund - Direct Plan,1.2,0.0705981337799016,0.8504748624486247,1.15,0.3925
Franklin India NSE Nifty 50 Index - Direct Plan,0.29,0.0624350007561777,0.7517981363077686,Franklin India Large Cap Fund - Direct Plan,1.55,0.1121888927713431,1.354604846334384,1.26,0.0498
LIC MF Nifty 50 ETF,0.08,0.1682446174957439,2.03772270574043,JM Large Cap Fund - Direct Plan,1.34,0.0037924432695986,0.0455188129684369,1.26,-0.1645
Aditya Birla Sun Life Nifty 50 ETF,0.04,-0.3133057314674995,-3.6955547074761457,Groww Large Cap Fund - Direct Plan,1.37,-0.0353862339089544,-0.423809338491421,1.33,0.2779
Tata Nifty 50 Exchange Traded Fund,0.09,0.1144760467702885,1.3823947954935356,Union Largecap Fund - Direct Plan,1.58,-0.0227558326896927,-0.2727284849548095,1.49,-0.1372
Nippon India ETF BSE Sensex,0.04,0.2119056566229987,2.5727148648846176,DSP Large Cap Fund - Direct Plan,1.57,0.0188538548632716,0.2264810146409335,1.53,-0.1931
Axis Nifty 50 ETF,0.04,-0.4461022102022068,-5.22381542359307,Quant Focused Fund - Direct Plan,1.82,0.1822668010057648,2.2092613558530205,1.78,0.6284
ICICI Prudential Nifty 50 Index Fund - Direct Plan,0.2,0.1358145689547646,1.642004204333447,Taurus Large Cap Fund - Direct Plan,2.23,-0.2369609808570401,-2.806763601793616,2.03,-0.3728
Navi Nifty 50 Index Fund - Direct Plan,0.08,0.2657460329147306,3.2359775831199533,Bajaj Finserv Large Cap Fund - Direct Plan,2.17,0.4894494353819436,6.034111514142126,2.09,0.2237
Aditya Birla Sun Life Nifty 50 Index Fund - Direct Plan,0.18,0.0544583272918475,0.6554608532379103,LIC MF Large Cap Fund - Direct Plan,2.44,0.0431218656327634,0.5186914202689019,2.26,-0.0113
Tata Nifty 50 Index Fund - Direct Plan,0.23,0.0696284427846157,0.8387485107675507,Nippon India Large Cap Fund - Direct Plan,2.75,0.3023267139876655,3.688857603128226,2.52,0.2327
